{
  "timestamp": "20250418_133510",
  "total_dialogs": 4503,
  "total_messages": 101356,
  "avg_dialog_length": 22.508549855651786,
  "min_dialog_length": 4,
  "max_dialog_length": 187,
  "user_messages_ratio": 0.4298018864201429
}