{
  "总行数": 117274,
  "总对话数": 7114,
  "平均每对话消息数": 16.484959235310654,
  "缺失值统计": {
    "touch_id": {
      "缺失数": 0,
      "缺失率": "0.00%"
    },
    "user_name": {
      "缺失数": 0,
      "缺失率": "0.00%"
    },
    "user_start_time": {
      "缺失数": 0,
      "缺失率": "0.00%"
    },
    "user_end_time": {
      "缺失数": 0,
      "缺失率": "0.00%"
    },
    "servicer_name": {
      "缺失数": 567,
      "缺失率": "0.48%"
    },
    "new_feedback_name": {
      "缺失数": 85548,
      "缺失率": "72.95%"
    },
    "create_time": {
      "缺失数": 0,
      "缺失率": "0.00%"
    },
    "group_name": {
      "缺失数": 0,
      "缺失率": "0.00%"
    },
    "send_time": {
      "缺失数": 643,
      "缺失率": "0.55%"
    },
    "sender_type": {
      "缺失数": 643,
      "缺失率": "0.55%"
    },
    "send_content": {
      "缺失数": 643,
      "缺失率": "0.55%"
    },
    "seq_no": {
      "缺失数": 643,
      "缺失率": "0.55%"
    }
  },
  "发送者类型分布": {
    "2.0": 52.31284992840668,
    "1.0": 44.30297262305905,
    "4.0": 3.384177448534266
  },
  "消息长度统计": {
    "count": 117274.0,
    "mean": 28.56376519944745,
    "std": 61.279362465700146,
    "min": 0.0,
    "25%": 7.0,
    "50%": 13.0,
    "75%": 23.0,
    "max": 3000.0
  },
  "对话长度统计": {
    "count": 7114.0,
    "mean": 16.484959235310654,
    "std": 13.909606002001356,
    "min": 1.0,
    "25%": 8.0,
    "50%": 14.0,
    "75%": 22.0,
    "max": 185.0
  },
  "分析时间": "2025-04-18 09:13:18"
}